id,Price_euros
181,2463.8346002338862
708,866.9237249852714
862,298.07733431395184
1064,1456.4281591186027
702,1084.379871793035
585,1762.0595563295778
195,2819.6279990094063
463,486.7764754229944
14,4709.800100005804
621,1755.5595374737618
1259,1452.0928620689574
551,616.9864345853595
358,270.39424733452233
610,579.6979182480657
880,282.9226314668924
655,987.7356038421335
630,516.1113154457087
483,1876.2070308791006
115,1181.8189547812378
297,1592.7743452242044
1162,1596.6468279504843
666,812.1804078767692
1278,1362.7524615730133
777,1228.2121686254382
521,1714.6231661424836
93,610.16552183666
260,778.584488614158
733,460.45329497008765
908,1165.0204523632267
797,456.9642034791216
71,999.5552044058994
60,1129.9500483159684
608,1760.1811760872154
82,309.20890663795
540,568.6260444751285
761,1732.113020238336
473,980.113056721175
183,891.5196880246889
186,2752.307681287886
846,601.929853447781
901,704.5454246298681
912,972.7861243392389
27,1467.883303395537
1127,1822.7936039716226
858,1119.8216243543334
958,1603.3266086384501
771,352.44427422660203
930,2971.800290754576
807,84.44919612175784
618,1476.8472827090552
250,1156.0759961205852
334,913.5398086956585
180,864.842589225367
886,315.28503615890634
394,1264.754305231155
659,679.3709296356091
764,711.7740316516667
428,224.0162302351281
1231,938.6684070670282
865,1410.6420414215522
1286,1414.735827201644
635,1240.399422142473
143,719.7400695995921
376,1125.5652685302814
1032,1120.4342057552758
1057,1489.0675035404345
1089,533.5335661301771
87,2063.753590275727
1072,351.89438534177145
211,2077.6754997176276
1003,815.087631308918
889,2587.294353786174
1066,1856.7997720483227
1225,1180.6338242290499
146,1126.4045836071175
1044,962.7624475505478
1105,1065.0140579556546
59,363.8583331964279
251,1172.8284712534416
954,960.6299029342202
948,368.86204589794943
887,1865.817596348485
369,1440.729829689466
1148,655.9165264281185
1062,1311.9483667238055
1135,1613.905474166409
1180,1864.345928971414
620,412.6452185136427
304,2609.8820010749123
1048,767.4031338771073
157,577.2811871560411
1128,403.42610246374227
714,1410.6420414215522
993,1290.2224915372667
689,2697.2687738379987
443,424.673803871573
673,2295.709702050464
975,1099.8497394576207
391,1078.8963295489302
810,941.8024801348711
32,632.7673562146175
724,410.1904385230142
287,1641.1387738128165
857,1332.5601911915426
1087,860.6672853746327
386,1224.4779118499284
649,868.936290864474
1247,637.2953267857906
279,1415.5308947715632
1176,1208.9581081636777
1125,1070.8889988871997
286,913.2652978058195
937,315.11533725284255
508,737.506178394181
88,1138.0486655681711
446,1714.6231661424836
336,1058.379626528811
779,1154.1380562612799
224,915.9076099186044
834,1789.6631717115865
238,388.06386040197003
582,1184.6938804867057
726,996.7249229272666
462,1722.504322454704
863,289.5083716882374
987,1404.3955337089137
1118,2035.7464991107693
1151,2081.8509612733133
736,1795.619137029872
957,1339.709461215194
502,934.5924749324322
811,962.7624475505478
898,399.6615852246679
802,1414.8894461664254
265,640.4395083841194
1081,601.9691981194445
104,297.39911341215577
675,1990.6699222130578
1209,1373.669033538745
1004,665.4423134972111
29,675.3769118450863
432,2039.9857308277776
684,1866.0775843025397
240,1043.5248661065511
237,2712.6555064581135
152,1059.5821932541003
725,977.2449265409934
97,654.821625324639
1155,1074.2153821004836
746,3106.283195239559
1143,851.3296082066935
592,838.4491572274985
479,1271.4049878982275
1098,560.1116197982675
903,1255.982296010581
936,1033.0361888781642
539,2560.8659381644634
653,559.0176691544797
310,712.8919352718502
892,1387.2349207776292
338,2690.2739725153606
705,472.5633888661539
273,1425.0927327675367
758,2587.0838333498295
1080,1718.637497929371
1073,1728.9564292508962
480,1432.6174365481706
1267,2180.9980420415186
545,1224.4779118499284
153,347.80100604887843
573,2108.3384836169716
1150,2812.1627498834678
949,2415.2363603539884
160,563.156822960101
537,2666.433481041344
1102,1187.9949459949594
833,980.37326357779
513,1093.7654107002672
1202,2833.109261806088
76,1785.5940218500646
514,502.40247002815465
133,2614.1012357369805
1251,630.0337833209844
806,393.45190572121567
1021,672.0613148382797
206,1063.0161698725706
870,1086.3316129053278
179,945.4188017166188
706,579.1956081539038
416,1715.6047054212886
534,1842.8417430886739
989,910.7081793963068
316,976.3789234052173
507,1232.4250917418567
817,335.59429811441225
776,1298.8117359026655
831,2086.239780378811
1229,1026.9439489681088
295,1704.4674346078764
660,1756.6119559279473
612,748.8640568619442
529,1603.8758575558618
114,1048.5372818489097
492,2312.15819289136
226,1337.113404878874
695,249.554021694874
751,687.5818343764184
644,416.3798133258957
1185,785.5785860872346
917,1833.3540836777051
527,964.1898696176168
854,920.4315103617462
182,1716.6982827542865
346,998.1653970836408
90,336.75876806080794
468,1132.0412957098426
1147,514.2838576837541
1061,1399.7817425008384
1156,1113.3782431758752
496,776.4014754701863
312,2178.3074472128947
822,1255.9593491634535
337,1685.6122677082644
835,1232.7602322646126
255,783.1335447005284
364,2589.665638188414
944,1865.9043037777753
1266,639.0657626047353
505,437.0120412007208
350,528.453512273638
800,849.5685933085183
567,1006.2243891854592
1242,2062.92096605252
905,1233.9113222827966
587,1191.5966133387356
922,1065.9225289994993
259,1151.6992218312503
1248,1061.1338255216947
641,127.74954118932135
128,688.509117277803
215,2293.895538307028
756,565.620561261834
1054,1401.5069472005664
651,1295.402463731109
86,1713.54022909864
1037,1199.2887162741022
1299,1130.7258113778116
1109,1955.2452455413434
679,612.4899246399855
1099,1726.9645528570647
6,1433.5861519592372
1163,1083.440185995063
516,1665.5476372783337
1115,987.6399985354154
977,1866.772405117514
910,1156.7711441058923
962,326.6505230087787
264,1218.170572930926
83,1369.5907377869378
1295,752.2641029786478
158,1237.766395284978
487,673.3417371522862
765,815.9580169096779
445,558.306731043026
617,2164.979960851905
727,1209.1726765703825
108,2259.680900100562
918,1934.3364893125276
991,1118.0116304327166
81,1314.7648141793798
122,834.9853068253738
383,514.2838576837541
951,1004.391581202733
75,1373.669033538745
421,1412.593871543328
145,417.26740521040915
8,1813.9671032368956
175,412.93532354164597
1123,1734.174637890792
927,528.2866099014213
875,2250.980027895055
1029,1480.2433549262178
1265,1006.7780030138697
1033,443.3825859676107
663,292.89726113553183
184,512.3961851260887
896,1277.5552860817384
688,555.9280418074097
984,1014.5812536072336
744,980.6440568970744
38,730.3404031100737
1227,1474.0572269661095
605,1399.7817425008384
1246,1699.3918339810866
77,1901.023256894706
1252,647.5211268589693
920,958.4226647736836
805,1000.8693838268912
397,1037.189765590277
231,487.1438285203363
1104,730.0342288348302
1204,1196.9816478810305
1217,1274.397868482582
149,1861.1165979102461
461,704.5454246298681
21,2052.927606719046
357,1660.857978575377
780,1603.6427695888253
343,373.0195803528255
737,267.2022456799858
845,947.4884516336991
173,1580.011452250203
781,648.4934754389197
1164,408.6292610425886
819,487.97970230680204
277,648.5288295391034
674,2058.2887692350114
1279,2292.7026901954287
1255,1756.974537079323
1240,840.0566925529431
41,1415.3641684676672
719,1577.9897065657942
298,2186.5096388634192
935,1981.9820140415354
826,1048.5356623646694
278,1486.4531061598718
477,1713.5032699092237
542,267.2022456799858
151,446.20072820460746
900,249.554021694874
1124,962.7624475505478
1216,151.97896015698586
459,938.7037611672117
584,379.93083360814796
294,791.4722211754843
1076,920.853965881624
91,2063.7684267793484
632,1360.9678829206969
1117,434.5436817383498
457,1151.3687823065886
326,679.1275113873527
925,2005.7876470515025
398,229.19521344695283
940,1349.8732201999533
363,878.9097740824958
906,1010.523464758509
820,747.5461773008967
1020,1573.4284402633307
556,1622.0151902146235
384,1262.9403106884074
885,1132.3379561907122
1285,1161.7067558026993
438,405.79862892629046
837,1296.545132318771
979,1142.7792608292102
548,568.1402833720422
170,858.0376464617304
62,1879.0409345989156
309,608.7890007263795
816,1408.40072668537
22,245.38422664577513
285,1897.3738762688104
668,430.0041561318326
417,1088.82979900346
685,1953.9106004217808
1049,890.7192471519426
440,673.3466091688452
299,1812.9193781327758
1188,895.9489191758893
552,400.32248617834625
586,414.242377494248
783,1149.2034191477499
1070,858.0376464617304
1210,1212.3994600285919
1014,304.5865451742185
501,1360.9678829206969
140,1238.4694950676007
235,529.0069984682242
317,424.59556971537626
861,1113.3782431758752
257,1360.9678829206969
1200,233.55668546473078
371,1287.4392463780182
1112,503.2767799951681
419,2037.5336456355697
385,666.0601416972229
1281,1182.5862215213447
524,2120.1260289511383
1015,411.143726038125
1236,426.9693858185426
1036,1394.424598759523
